{
  "MQTT Connect " : {
    "transaction" : "MQTT Connect ",
    "sampleCount" : 1538,
    "errorCount" : 985,
    "errorPct" : 64.04421,
    "meanResTime" : 6508.080624187262,
    "medianResTime" : 8857.5,
    "minResTime" : 40.0,
    "maxResTime" : 10485.0,
    "pct1ResTime" : 10006.0,
    "pct2ResTime" : 10012.0,
    "pct3ResTime" : 10028.61,
    "throughput" : 93.10490949815365,
    "receivedKBytesPerSec" : 3.5623042027362435,
    "sentKBytesPerSec" : 0.0
  },
  "Total" : {
    "transaction" : "Total",
    "sampleCount" : 2630,
    "errorCount" : 986,
    "errorPct" : 37.490494,
    "meanResTime" : 3830.765779467683,
    "medianResTime" : 706.0,
    "minResTime" : 0.0,
    "maxResTime" : 10485.0,
    "pct1ResTime" : 10005.0,
    "pct2ResTime" : 10006.0,
    "pct3ResTime" : 10023.69,
    "throughput" : 156.17577197149643,
    "receivedKBytesPerSec" : 4.110087125148456,
    "sentKBytesPerSec" : 0.0
  },
  "MQTT DisConnect" : {
    "transaction" : "MQTT DisConnect",
    "sampleCount" : 539,
    "errorCount" : 1,
    "errorPct" : 0.18552876,
    "meanResTime" : 121.49536178107604,
    "medianResTime" : 69.0,
    "minResTime" : 19.0,
    "maxResTime" : 9731.0,
    "pct1ResTime" : 138.0,
    "pct2ResTime" : 147.0,
    "pct3ResTime" : 173.0,
    "throughput" : 37.22889901920155,
    "receivedKBytesPerSec" : 0.40396690236911176,
    "sentKBytesPerSec" : 0.0
  },
  "MQTT Sub Sampler" : {
    "transaction" : "MQTT Sub Sampler",
    "sampleCount" : 553,
    "errorCount" : 0,
    "errorPct" : 0.0,
    "meanResTime" : 0.0,
    "medianResTime" : 0.0,
    "minResTime" : 0.0,
    "maxResTime" : 0.0,
    "pct1ResTime" : 0.0,
    "pct2ResTime" : 0.0,
    "pct3ResTime" : 0.0,
    "throughput" : 36.76128431828757,
    "receivedKBytesPerSec" : 0.3004408196503357,
    "sentKBytesPerSec" : 0.0
  }
}