{
  "MQTT Connect " : {
    "transaction" : "MQTT Connect ",
    "sampleCount" : 4166,
    "errorCount" : 424,
    "errorPct" : 10.1776285,
    "meanResTime" : 1968.8761401824322,
    "medianResTime" : 217.0,
    "minResTime" : 13.0,
    "maxResTime" : 10037.0,
    "pct1ResTime" : 5959.800000000001,
    "pct2ResTime" : 8177.249999999998,
    "pct3ResTime" : 10005.0,
    "throughput" : 239.72839222004833,
    "receivedKBytesPerSec" : 3.6235874741051903,
    "sentKBytesPerSec" : 0.0
  },
  "Total" : {
    "transaction" : "Total",
    "sampleCount" : 11441,
    "errorCount" : 540,
    "errorPct" : 4.719867,
    "meanResTime" : 911.4620225504772,
    "medianResTime" : 29.0,
    "minResTime" : 0.0,
    "maxResTime" : 10037.0,
    "pct1ResTime" : 3532.400000000014,
    "pct2ResTime" : 5497.9,
    "pct3ResTime" : 8950.64,
    "throughput" : 658.3232637090741,
    "receivedKBytesPerSec" : 8.31513833146326,
    "sentKBytesPerSec" : 0.0
  },
  "MQTT DisConnect" : {
    "transaction" : "MQTT DisConnect",
    "sampleCount" : 3534,
    "errorCount" : 116,
    "errorPct" : 3.2823997,
    "meanResTime" : 629.7959818902078,
    "medianResTime" : 26.0,
    "minResTime" : 9.0,
    "maxResTime" : 9658.0,
    "pct1ResTime" : 3058.0,
    "pct2ResTime" : 5015.25,
    "pct3ResTime" : 5977.550000000001,
    "throughput" : 228.57512450682364,
    "receivedKBytesPerSec" : 2.8950110358320935,
    "sentKBytesPerSec" : 0.0
  },
  "MQTT Sub Sampler" : {
    "transaction" : "MQTT Sub Sampler",
    "sampleCount" : 3741,
    "errorCount" : 0,
    "errorPct" : 0.0,
    "meanResTime" : 0.0,
    "medianResTime" : 0.0,
    "minResTime" : 0.0,
    "maxResTime" : 0.0,
    "pct1ResTime" : 0.0,
    "pct2ResTime" : 0.0,
    "pct3ResTime" : 0.0,
    "throughput" : 241.4171399070728,
    "receivedKBytesPerSec" : 2.373407351090604,
    "sentKBytesPerSec" : 0.0
  }
}