{
  "MQTT Connect " : {
    "transaction" : "MQTT Connect ",
    "sampleCount" : 3510,
    "errorCount" : 62,
    "errorPct" : 1.7663817,
    "meanResTime" : 1904.943874643873,
    "medianResTime" : 105.0,
    "minResTime" : 8.0,
    "maxResTime" : 10416.0,
    "pct1ResTime" : 9248.8,
    "pct2ResTime" : 9671.45,
    "pct3ResTime" : 10163.34,
    "throughput" : 314.2064273565482,
    "receivedKBytesPerSec" : 3.613744573001522,
    "sentKBytesPerSec" : 0.0
  },
  "Total" : {
    "transaction" : "Total",
    "sampleCount" : 9677,
    "errorCount" : 76,
    "errorPct" : 0.78536737,
    "meanResTime" : 702.9787124108703,
    "medianResTime" : 30.0,
    "minResTime" : 0.0,
    "maxResTime" : 10416.0,
    "pct1ResTime" : 3043.0,
    "pct2ResTime" : 8364.2,
    "pct3ResTime" : 9905.439999999999,
    "throughput" : 866.2608539969564,
    "receivedKBytesPerSec" : 9.61229131232656,
    "sentKBytesPerSec" : 0.0
  },
  "MQTT DisConnect" : {
    "transaction" : "MQTT DisConnect",
    "sampleCount" : 2719,
    "errorCount" : 14,
    "errorPct" : 0.5148952,
    "meanResTime" : 42.79955866127243,
    "medianResTime" : 30.0,
    "minResTime" : 1.0,
    "maxResTime" : 908.0,
    "pct1ResTime" : 70.0,
    "pct2ResTime" : 89.0,
    "pct3ResTime" : 316.2000000000007,
    "throughput" : 286.8446038611668,
    "receivedKBytesPerSec" : 3.16787850116046,
    "sentKBytesPerSec" : 0.0
  },
  "MQTT Sub Sampler" : {
    "transaction" : "MQTT Sub Sampler",
    "sampleCount" : 3448,
    "errorCount" : 0,
    "errorPct" : 0.0,
    "meanResTime" : 0.0,
    "medianResTime" : 0.0,
    "minResTime" : 0.0,
    "maxResTime" : 0.0,
    "pct1ResTime" : 0.0,
    "pct2ResTime" : 0.0,
    "pct3ResTime" : 0.0,
    "throughput" : 363.06201958513213,
    "receivedKBytesPerSec" : 3.8940134055491207,
    "sentKBytesPerSec" : 0.0
  }
}