{
  "MQTT Connect " : {
    "transaction" : "MQTT Connect ",
    "sampleCount" : 4115,
    "errorCount" : 844,
    "errorPct" : 20.510328,
    "meanResTime" : 2446.871931956258,
    "medianResTime" : 835.0,
    "minResTime" : 37.0,
    "maxResTime" : 10348.0,
    "pct1ResTime" : 5181.0,
    "pct2ResTime" : 7165.0,
    "pct3ResTime" : 10015.36,
    "throughput" : 245.53971000656364,
    "receivedKBytesPerSec" : 4.801582824900054,
    "sentKBytesPerSec" : 0.0
  },
  "Total" : {
    "transaction" : "Total",
    "sampleCount" : 10501,
    "errorCount" : 847,
    "errorPct" : 8.065899,
    "meanResTime" : 989.8859156270798,
    "medianResTime" : 72.0,
    "minResTime" : 0.0,
    "maxResTime" : 10348.0,
    "pct1ResTime" : 5053.800000000001,
    "pct2ResTime" : 5125.0,
    "pct3ResTime" : 7423.719999999994,
    "throughput" : 626.0657008287128,
    "receivedKBytesPerSec" : 9.010540097925237,
    "sentKBytesPerSec" : 0.0
  },
  "MQTT DisConnect" : {
    "transaction" : "MQTT DisConnect",
    "sampleCount" : 3118,
    "errorCount" : 3,
    "errorPct" : 0.096215524,
    "meanResTime" : 104.52661962796674,
    "medianResTime" : 48.0,
    "minResTime" : 2.0,
    "maxResTime" : 579.0,
    "pct1ResTime" : 272.0999999999999,
    "pct2ResTime" : 384.0,
    "pct3ResTime" : 537.0,
    "throughput" : 212.2387856510789,
    "receivedKBytesPerSec" : 2.2918740640528212,
    "sentKBytesPerSec" : 0.0
  },
  "MQTT Sub Sampler" : {
    "transaction" : "MQTT Sub Sampler",
    "sampleCount" : 3268,
    "errorCount" : 0,
    "errorPct" : 0.0,
    "meanResTime" : 0.0,
    "medianResTime" : 0.0,
    "minResTime" : 0.0,
    "maxResTime" : 0.0,
    "pct1ResTime" : 0.0,
    "pct2ResTime" : 0.0,
    "pct3ResTime" : 0.0,
    "throughput" : 219.4319478949842,
    "receivedKBytesPerSec" : 2.483995207480024,
    "sentKBytesPerSec" : 0.0
  }
}