{
  "MQTT Connect " : {
    "transaction" : "MQTT Connect ",
    "sampleCount" : 1025,
    "errorCount" : 996,
    "errorPct" : 97.17073,
    "meanResTime" : 10041.806829268296,
    "medianResTime" : 10132.0,
    "minResTime" : 123.0,
    "maxResTime" : 10985.0,
    "pct1ResTime" : 10764.4,
    "pct2ResTime" : 10862.8,
    "pct3ResTime" : 10948.22,
    "throughput" : 37.28086127882447,
    "receivedKBytesPerSec" : 1.9570676215719793,
    "sentKBytesPerSec" : 0.0
  },
  "Total" : {
    "transaction" : "Total",
    "sampleCount" : 1080,
    "errorCount" : 996,
    "errorPct" : 92.22222,
    "meanResTime" : 9531.951851851843,
    "medianResTime" : 10108.0,
    "minResTime" : 0.0,
    "maxResTime" : 10985.0,
    "pct1ResTime" : 10755.6,
    "pct2ResTime" : 10848.95,
    "pct3ResTime" : 10946.57,
    "throughput" : 37.86152497808939,
    "receivedKBytesPerSec" : 1.9023540205959686,
    "sentKBytesPerSec" : 0.0
  },
  "MQTT DisConnect" : {
    "transaction" : "MQTT DisConnect",
    "sampleCount" : 26,
    "errorCount" : 0,
    "errorPct" : 0.0,
    "meanResTime" : 63.69230769230771,
    "medianResTime" : 30.5,
    "minResTime" : 20.0,
    "maxResTime" : 651.0,
    "pct1ResTime" : 87.9,
    "pct2ResTime" : 457.0999999999992,
    "pct3ResTime" : 651.0,
    "throughput" : 0.9794319294809011,
    "receivedKBytesPerSec" : 0.010521241429970617,
    "sentKBytesPerSec" : 0.0
  },
  "MQTT Sub Sampler" : {
    "transaction" : "MQTT Sub Sampler",
    "sampleCount" : 29,
    "errorCount" : 0,
    "errorPct" : 0.0,
    "meanResTime" : 0.0,
    "medianResTime" : 0.0,
    "minResTime" : 0.0,
    "maxResTime" : 0.0,
    "pct1ResTime" : 0.0,
    "pct2ResTime" : 0.0,
    "pct3ResTime" : 0.0,
    "throughput" : 1.093473096791222,
    "receivedKBytesPerSec" : 0.006701646808189736,
    "sentKBytesPerSec" : 0.0
  }
}