{
  "MQTT Connect " : {
    "transaction" : "MQTT Connect ",
    "sampleCount" : 1950,
    "errorCount" : 829,
    "errorPct" : 42.51282,
    "meanResTime" : 4617.104102564108,
    "medianResTime" : 7053.5,
    "minResTime" : 5.0,
    "maxResTime" : 10536.0,
    "pct1ResTime" : 9153.9,
    "pct2ResTime" : 10003.0,
    "pct3ResTime" : 10140.45,
    "throughput" : 145.71812882977133,
    "receivedKBytesPerSec" : 4.2271976815872065,
    "sentKBytesPerSec" : 0.0
  },
  "Total" : {
    "transaction" : "Total",
    "sampleCount" : 4023,
    "errorCount" : 995,
    "errorPct" : 24.732786,
    "meanResTime" : 2268.245090728314,
    "medianResTime" : 420.0,
    "minResTime" : 0.0,
    "maxResTime" : 10536.0,
    "pct1ResTime" : 7294.0,
    "pct2ResTime" : 9119.8,
    "pct3ResTime" : 10015.0,
    "throughput" : 300.62770886265133,
    "receivedKBytesPerSec" : 5.8853543939620385,
    "sentKBytesPerSec" : 0.0
  },
  "MQTT DisConnect" : {
    "transaction" : "MQTT DisConnect",
    "sampleCount" : 952,
    "errorCount" : 2,
    "errorPct" : 0.21008404,
    "meanResTime" : 127.93697478991591,
    "medianResTime" : 38.0,
    "minResTime" : 3.0,
    "maxResTime" : 663.0,
    "pct1ResTime" : 468.00000000000045,
    "pct2ResTime" : 493.0,
    "pct3ResTime" : 528.0,
    "throughput" : 118.85143570536829,
    "receivedKBytesPerSec" : 1.291354556803995,
    "sentKBytesPerSec" : 0.0
  },
  "MQTT Sub Sampler" : {
    "transaction" : "MQTT Sub Sampler",
    "sampleCount" : 1121,
    "errorCount" : 164,
    "errorPct" : 14.629795,
    "meanResTime" : 8.920606601248882E-4,
    "medianResTime" : 0.0,
    "minResTime" : 0.0,
    "maxResTime" : 1.0,
    "pct1ResTime" : 0.0,
    "pct2ResTime" : 0.0,
    "pct3ResTime" : 0.0,
    "throughput" : 140.4058116232465,
    "receivedKBytesPerSec" : 1.4836802511272544,
    "sentKBytesPerSec" : 0.0
  }
}